pair_id,forward_seq,forward_length,forward_tm,forward_gc,forward_hairpin_dg,forward_pos,forward_strand,reverse_seq,reverse_length,reverse_tm,reverse_gc,reverse_hairpin_dg,reverse_pos,reverse_strand,amplicon_size,tm_difference,cross_dimer_score,quality_score,conservation
pair_001,CAGCTGCGGTAATTCCAGCT,20,59.02,55.00,,588,+,TGTTGGGTCAAATTAAGCCGCA,22,59.17,45.45,,1201,-,613,0.15,2,96.01,0.9667
pair_002,CAGCTGCGGTAATTCCAGCT,20,59.02,55.00,,588,+,CGTGTTGAGTCAAATTAAGCCGC,23,58.95,47.83,,1201,-,613,0.07,3,95.08,0.9667
pair_003,TGGCCAGGGTAATGACCTT,19,56.65,52.63,,588,+,CGCGTTGAGTCAAATTAAGCC,21,56.62,47.62,,1201,-,613,0.03,4,94.66,0.9667
pair_004,TGGCCAGGGTAATGACCT,18,56.12,55.56,,588,+,CGTGTTGGGTCAAATTAAGCC,21,56.15,47.62,,1201,-,613,0.03,4,94.20,0.9667
pair_005,CAGCTGCGGTAATTCCAGCT,20,59.02,55.00,,588,+,CACCAACTAGAAACGACCATGCA,23,59.04,47.83,,1274,-,686,0.02,3,94.13,0.9333
pair_006,CAGCTGCGGTAATTCCAGC,19,57.82,57.89,,588,+,TGTTGGGTCAAATTAAGCCGC,21,57.79,47.62,,1201,-,613,0.02,4,93.88,0.9667
pair_007,CAGCCGCGGTAATTCCAGCT,20,61.48,60.00,,588,+,CACCAACTAGAAACGGCCATGCA,23,61.44,52.17,,1274,-,686,0.04,2,93.65,0.9333
pair_008,CAGCTGCGGTAATTCCAGCTC,21,59.75,57.14,,588,+,CGTGTTGAGTCAAATTAAGCCGCA,24,60.15,45.83,,1201,-,613,0.40,3,93.40,0.9667
pair_009,TGGCCAGGGTAATGACCT,18,56.12,55.56,,588,+,CACCAACTAAAATCGGCCATG,21,55.94,47.62,,1274,-,686,0.18,3,93.29,0.9333
pair_010,TGGCCAGGGTAATGACCT,18,56.12,55.56,,588,+,CGTGTTGAGTCAAATTGAGCC,21,56.19,47.62,,1201,-,613,0.07,5,93.01,0.9667
pair_011,CAGCTGCGGTAATTCCAGCTCCA,23,62.86,56.52,,588,+,CGCGTTGAGTCAAATTAAGCCGCA,24,62.44,50.00,,1201,-,613,0.41,3,92.78,0.9667
pair_012,TGGCCAGGGTAATGACCTT,19,56.65,52.63,,588,+,CGTGTTGAGTCAAATTAAGCCG,22,56.45,45.45,,1201,-,613,0.20,5,92.56,0.9667
pair_013,CAGCTGCGGTAATTCCAGCTC,21,59.75,57.14,,588,+,TGTTGGGTCAAATTAAGCCGCA,22,59.17,45.45,,1201,-,613,0.58,3,92.55,0.9667
pair_014,CAGCTGCGGTAATTCCAGCTCCAA,24,62.98,54.17,,588,+,CGCGTTGAGTCAAATTAAGCCGCA,24,62.44,50.00,,1201,-,613,0.54,3,92.51,0.9667
pair_015,TGGCCAGGGTAATGACCTT,19,56.65,52.63,,588,+,CGTGTTGGGTCAAATTAAGCC,21,56.15,47.62,,1201,-,613,0.50,4,92.31,0.9667
pair_016,CAGCCGCGGTAATTCCAGCT,20,61.48,60.00,,588,+,CGCGTTGAGTCAAATTAAGCCGC,23,61.33,52.17,,1201,-,613,0.15,4,92.28,0.9667
pair_017,CAGCTGCGGTAATTCCAGCTCC,22,61.67,59.09,,588,+,CGTGTTGAGTCAAATTGAGCCGCA,24,62.11,50.00,,1201,-,613,0.44,3,92.26,0.9667
pair_018,CAGCTGCGGTAATTCCAGCTCC,22,61.67,59.09,,588,+,CGTGTTGGGTCAAATTAAGCCGCA,24,62.13,50.00,,1201,-,613,0.46,3,92.18,0.9667
pair_019,CAGCCGCGGTAATTCCAGCT,20,61.48,60.00,,588,+,CGTGTTGAGTCAAATTGAGCCGCA,24,62.11,50.00,,1201,-,613,0.64,2,92.14,0.9667
pair_020,CAGCTGCGGTAATTCCAGC,19,57.82,57.89,,588,+,CACCAACTAGAAACGACCATGC,22,57.74,50.00,,1274,-,686,0.08,4,92.08,0.9333
pair_021,CAGCCGCGGTAATTCCAGCT,20,61.48,60.00,,588,+,CGTGTTGGGTCAAATTAAGCCGCA,24,62.13,50.00,,1201,-,613,0.66,2,92.06,0.9667
pair_022,TGGCCAGGGTAATGACCT,18,56.12,55.56,,588,+,CGTGTTGAGTCAAATTAAGCCG,22,56.45,45.45,,1201,-,613,0.33,5,92.02,0.9667
pair_023,TGGCCAGGGTAATGACCT,18,56.12,55.56,,588,+,CGCGTTGAGTCAAATTAAGCC,21,56.62,47.62,,1201,-,613,0.50,4,91.85,0.9667
pair_024,CAGCTGCGGTAATTCCAGCTCC,22,61.67,59.09,,588,+,CACCAACTAGAAACGGCCATGCA,23,61.44,52.17,,1274,-,686,0.24,3,91.80,0.9333
pair_025,CAGCCGCGGTAATTCCAGCTCT,22,63.02,59.09,,588,+,CGCGTTGAGTCAAATTAAGCCGCA,24,62.44,50.00,,1201,-,613,0.58,3,91.57,0.9667
pair_026,CAGCTGCGGTAATTCCAGC,19,57.82,57.89,,588,+,TTCCGTCAATTCCTTTAAGTTTCGG,25,57.42,40.00,,1155,-,567,0.39,5,91.54,0.9667
pair_027,TGGCCAGGGTAATGACCTT,19,56.65,52.63,,588,+,CGTGTTGAGTCAAATTGAGCC,21,56.19,47.62,,1201,-,613,0.46,5,91.50,0.9667
pair_028,CAGCTGCGGTAATTCCAGCTCC,22,61.67,59.09,,588,+,CGCGTTGAGTCAAATTAAGCCGC,23,61.33,52.17,,1201,-,613,0.34,4,91.43,0.9667
pair_029,CAGCCGCGGTAATTCCAGCTCTT,23,63.14,56.52,,588,+,CGCGTTGAGTCAAATTAAGCCGCA,24,62.44,50.00,,1201,-,613,0.70,3,91.35,0.9667
pair_030,CAGCTGCGGTAATTCCAGCTCCA,23,62.86,56.52,,588,+,CGTGTTGGGTCAAATTAAGCCGCA,24,62.13,50.00,,1201,-,613,0.73,3,91.23,0.9667
pair_031,CAGCTGCGGTAATTCCAGCTC,21,59.75,57.14,,588,+,CACCAACTAAAATCGGCCATGCA,23,59.90,47.83,,1274,-,686,0.15,5,91.17,0.9333
pair_032,CAGCTGCGGTAATTCCAGCTCCA,23,62.86,56.52,,588,+,CGTGTTGAGTCAAATTGAGCCGCA,24,62.11,50.00,,1201,-,613,0.74,3,91.14,0.9667
pair_033,CAGCTGCGGTAATTCCAGCTC,21,59.75,57.14,,588,+,CGTGTTGAGTCAAATTAAGCCGC,23,58.95,47.83,,1201,-,613,0.80,3,91.10,0.9667
pair_034,TGGCCAGGGTAATGACCTT,19,56.65,52.63,,588,+,CACCAACTAAAATCGGCCATG,21,55.94,47.62,,1274,-,686,0.71,3,91.08,0.9333
pair_035,CAGCTGCGGTAATTCCAGCT,20,59.02,55.00,,588,+,CGTGTTGAGTCAAATTAAGCCGCA,24,60.15,45.83,,1201,-,613,1.13,2,91.06,0.9667
pair_036,CAGCTGCGGTAATTCCAGCTCCAA,24,62.98,54.17,,588,+,CGTGTTGGGTCAAATTAAGCCGCA,24,62.13,50.00,,1201,-,613,0.85,3,90.96,0.9667
pair_037,CAGCTGCGGTAATTCCAGCTCCAA,24,62.98,54.17,,588,+,CGTGTTGAGTCAAATTGAGCCGCA,24,62.11,50.00,,1201,-,613,0.87,3,90.88,0.9667
pair_038,CAGCTGCGGTAATTCCAGCTCC,22,61.67,59.09,,588,+,CGCGTTGAGTCAAATTAAGCCGCA,24,62.44,50.00,,1201,-,613,0.77,3,90.62,0.9667
pair_039,TGGCCAGGGTAATGACCTT,19,56.65,52.63,,588,+,TTCCGTCAATCCCTTTAAGTTTCAG,25,56.88,40.00,,1155,-,567,0.23,6,90.57,0.9667
pair_040,CAGCCGCGGTAATTCCAGCT,20,61.48,60.00,,588,+,CGCGTTGAGTCAAATTAAGCCGCA,24,62.44,50.00,,1201,-,613,0.97,2,90.50,0.9667
pair_041,CAGCTGCGGTAATTCCAGCTC,21,59.75,57.14,,588,+,CACCAACTAGAAACGACCATGCA,23,59.04,47.83,,1274,-,686,0.71,3,90.38,0.9333
pair_042,TGGCCAGGGTAATGACCTT,19,56.65,52.63,,588,+,CACCAACTAGAAACGGCCAT,20,56.45,50.00,,1274,-,686,0.20,6,90.28,0.9333
pair_043,TGGCCAGGGTAATGACCT,18,56.12,55.56,,588,+,CACCAACTAGAAACGGCCAT,20,56.45,50.00,,1274,-,686,0.33,5,90.17,0.9333
pair_044,CAGCTGCGGTAATTCCAGCTCCA,23,62.86,56.52,,588,+,CACCAACTAAAATCGGCCATGCACC,25,62.40,52.00,,1274,-,686,0.46,4,90.08,0.9333
pair_045,CAGCCGCGGTAATTCCAGCTCT,22,63.02,59.09,,588,+,CGTGTTGGGTCAAATTAAGCCGCA,24,62.13,50.00,,1201,-,613,0.89,3,90.02,0.9667
pair_046,CAGCCGCGGTAATTCCAGCTCT,22,63.02,59.09,,588,+,CGTGTTGAGTCAAATTGAGCCGCA,24,62.11,50.00,,1201,-,613,0.91,3,89.94,0.9667
pair_047,CAGCTGCGGTAATTCCAGCT,20,59.02,55.00,,588,+,CACCAACTAAAATCGGCCATGC,22,58.62,50.00,,1274,-,686,0.40,5,89.93,0.9333
pair_048,CAGCTGCGGTAATTCCAGCT,20,59.02,55.00,,588,+,CGCGTTGAGTCAAATTAAGCCG,22,58.97,50.00,,1201,-,613,0.05,8,89.85,0.9667
pair_049,CAGCTGCGGTAATTCCAGCTCCAA,24,62.98,54.17,,588,+,CACCAACTAAAATCGGCCATGCACC,25,62.40,52.00,,1274,-,686,0.59,4,89.82,0.9333
pair_050,CAGCCGCGGTAATTCCAGCTCTT,23,63.14,56.52,,588,+,CGTGTTGGGTCAAATTAAGCCGCA,24,62.13,50.00,,1201,-,613,1.01,3,89.79,0.9667
pair_051,CAGCCGCGGTAATTCCAGCTCTT,23,63.14,56.52,,588,+,CGTGTTGAGTCAAATTGAGCCGCA,24,62.11,50.00,,1201,-,613,1.03,3,89.71,0.9667
pair_052,CAGCCGCGGTAATTCCAGCT,20,61.48,60.00,,588,+,CGTGTTGGGTCAAATTAAGCCGC,23,60.99,52.17,,1201,-,613,0.49,5,89.57,0.9667
pair_053,CAGCTGCGGTAATTCCAGC,19,57.82,57.89,,588,+,TGTTGGGTCAAATTAAGCCGCA,22,59.17,45.45,,1201,-,613,1.35,2,89.56,0.9667
pair_054,CAGCCGCGGTAATTCCAGCT,20,61.48,60.00,,588,+,CGTGTTGAGTCAAATTGAGCCGC,23,60.98,52.17,,1201,-,613,0.49,5,89.54,0.9667
pair_055,CAGCTGCGGTAATTCCAGCTC,21,59.75,57.14,,588,+,GGCGTTGAGTCCAATTGAGCC,21,60.21,57.14,,1201,-,613,0.46,5,89.37,0.9667
pair_056,CAGCCGCGGTAATTCCAGCT,20,61.48,60.00,,588,+,CGTGTTGAGTCAAATTAAGCCGCA,24,60.15,45.83,,1201,-,613,1.33,2,89.31,0.9667
pair_057,CAGCTGCGGTAATTCCAGC,19,57.82,57.89,,588,+,CGTGTTGAGTCAAATTAAGCCGC,23,58.95,47.83,,1201,-,613,1.14,3,89.30,0.9667
pair_058,CAGCTGCGGTAATTCCAGC,19,57.82,57.89,,588,+,GGCGTTGAGTCCAATTGAGC,20,58.14,55.00,,1201,-,613,0.32,6,89.29,0.9667
pair_059,TGGCCAGGGTAATGACCTT,19,56.65,52.63,,588,+,CTTGCGACCATACTTCCCC,19,56.44,57.89,,1129,-,541,0.21,7,89.21,0.9667
pair_060,TGGCCAGGGTAATGACCTT,19,56.65,52.63,,588,+,CACCAACTAGAAACGGCCATG,21,57.61,52.38,,1274,-,686,0.96,3,89.10,0.9333
pair_061,TGGCCAGGGTAATGACCT,18,56.12,55.56,,588,+,CACCAACTAGAAACGGCCA,19,56.20,52.63,,1274,-,686,0.08,7,89.04,0.9333
pair_062,TGGCCAGGGTAATGACCT,18,56.12,55.56,,588,+,GGCGTTGAGTCCAATTGAG,19,55.17,52.63,,1201,-,613,0.95,4,88.87,0.9667
pair_063,CAGCTGCGGTAATTCCAGC,19,57.82,57.89,,588,+,TTCCGTCAATCCCTTTAAGTTTCAG,25,56.88,40.00,,1155,-,567,0.94,5,88.83,0.9667
pair_064,CAGCTGCGGTAATTCCAGCTCC,22,61.67,59.09,,588,+,CGTGTTGGGTCAAATTAAGCCGC,23,60.99,52.17,,1201,-,613,0.68,5,88.73,0.9667
pair_065,CAGCTGCGGTAATTCCAGCTCC,22,61.67,59.09,,588,+,CGTGTTGAGTCAAATTGAGCCGC,23,60.98,52.17,,1201,-,613,0.69,5,88.69,0.9667
pair_066,CAGCTGCGGTAATTCCAGCTCC,22,61.67,59.09,,588,+,CACCAACTAGAAACGACCATGCACC,25,61.61,52.00,,1274,-,686,0.07,7,88.67,0.9333
pair_067,TGGCCAGGGTAATGACCT,18,56.12,55.56,,588,+,CACCAACTAGAAACGACCATG,21,55.01,47.62,,1274,-,686,1.10,3,88.67,0.9333
pair_068,CAGCTGCGGTAATTCCAGCTC,21,59.75,57.14,,588,+,CACCAACTAGAAACGGCCATGC,22,60.21,54.55,,1274,-,686,0.46,5,88.61,0.9333
pair_069,CAGCTGCGGTAATTCCAGCTCC,22,61.67,59.09,,588,+,CACCAACTAAAATCGGCCATGCACC,25,62.40,52.00,,1274,-,686,0.72,4,88.39,0.9333
pair_070,TGGCCAGGGTAATGACCT,18,56.12,55.56,,588,+,TTCCGTCAATCCCTTTAAGTTTCAG,25,56.88,40.00,,1155,-,567,0.76,6,88.36,0.9667
pair_071,CAGCTGCGGTAATTCCAGCT,20,59.02,55.00,,588,+,TGTTGGGTCAAATTAAGCCGC,21,57.79,47.62,,1201,-,613,1.23,4,88.31,0.9667
pair_072,TGGCCAGGGTAATGACCT,18,56.12,55.56,,588,+,CTTGCGACCATACTTCCCC,19,56.44,57.89,,1129,-,541,0.32,7,88.21,0.9667
pair_073,CAGCTGCGGTAATTCCAGC,19,57.82,57.89,,588,+,CACCAACTAGAAACGGCCATG,21,57.61,52.38,,1274,-,686,0.20,7,88.10,0.9333
pair_074,TGGCCAGGGTAATGACCTT,19,56.65,52.63,,588,+,TGTTGGGTCAAATTAAGCCGC,21,57.79,47.62,,1201,-,613,1.14,5,88.08,0.9667
pair_075,CAGCTGCGGTAATTCCAGCT,20,59.02,55.00,,588,+,CGTGTTGAGTCAAATTGAGCCG,22,58.58,50.00,,1201,-,613,0.43,8,87.92,0.9667
pair_076,CAGCCGCGGTAATTCCAGCTCT,22,63.02,59.09,,588,+,CACCAACTAAAATCGGCCATGCACC,25,62.40,52.00,,1274,-,686,0.63,5,87.88,0.9333
pair_077,CAGCTGCGGTAATTCCAGCT,20,59.02,55.00,,588,+,CACCAACTAAAATCGGCCATGCA,23,59.90,47.83,,1274,-,686,0.88,5,87.83,0.9333
pair_078,TGGCCAGGGTAATGACCTT,19,56.65,52.63,,588,+,CACCAACTAGAAACGACCATGC,22,57.74,50.00,,1274,-,686,1.09,4,87.83,0.9333
pair_079,CAGCTGCGGTAATTCCAGC,19,57.82,57.89,,588,+,CACCAACTAGAAACGACCATGCA,23,59.04,47.83,,1274,-,686,1.22,3,87.69,0.9333
pair_080,CAGCCGCGGTAATTCCAGCTCTT,23,63.14,56.52,,588,+,CACCAACTAAAATCGGCCATGCACC,25,62.40,52.00,,1274,-,686,0.75,5,87.65,0.9333
pair_081,TGGCCAGGGTAATGACCTT,19,56.65,52.63,,588,+,CACCAACTAGAAACGGCCA,19,56.20,52.63,,1274,-,686,0.45,7,87.63,0.9333
pair_082,CAGCTGCGGTAATTCCAGCTCC,22,61.67,59.09,,588,+,CGTGTTGAGTCAAATTAAGCCGCA,24,60.15,45.83,,1201,-,613,1.53,3,87.47,0.9667
pair_083,CAGCTGCGGTAATTCCAGC,19,57.82,57.89,,588,+,CACCAACTAAAATCGGCCATGC,22,58.62,50.00,,1274,-,686,0.80,5,87.46,0.9333
pair_084,CAGCTGCGGTAATTCCAGCTC,21,59.75,57.14,,588,+,CGTGTTGAGTCAAATTGAGCCGC,23,60.98,52.17,,1201,-,613,1.23,4,87.27,0.9667
pair_085,CAGCTGCGGTAATTCCAGCTC,21,59.75,57.14,,588,+,CGTGTTGGGTCAAATTAAGCCGC,23,60.99,52.17,,1201,-,613,1.24,4,87.24,0.9667
pair_086,CAGCCGCGGTAATTCCAGCT,20,61.48,60.00,,588,+,CACCAACTAGAAACGACCATGCACC,25,61.61,52.00,,1274,-,686,0.13,8,87.21,0.9333
pair_087,CAGCTGCGGTAATTCCAGCT,20,59.02,55.00,,588,+,GGCGTTGAGTCCAATTGAGCC,21,60.21,57.14,,1201,-,613,1.19,4,87.04,0.9667
pair_088,CAGCTGCGGTAATTCCAGCT,20,59.02,55.00,,588,+,GGCGTTGAGTCCAATTGAGC,20,58.14,55.00,,1201,-,613,0.88,6,86.93,0.9667
pair_089,TGGCCAGGGTAATGACCTT,19,56.65,52.63,,588,+,TTCCGTCAATTCCTTTAAGTTTCGG,25,57.42,40.00,,1155,-,567,0.77,7,86.86,0.9667
pair_090,TGGCCAGGGTAATGACCTT,19,56.65,52.63,,588,+,GGCGTTGAGTCCAATTGAG,19,55.17,52.63,,1201,-,613,1.48,4,86.66,0.9667
pair_091,CAGCTGCGGTAATTCCAGC,19,57.82,57.89,,588,+,CACCAACTAGAAACGGCCAT,20,56.45,50.00,,1274,-,686,1.37,3,86.65,0.9333
pair_092,CAGCTGCGGTAATTCCAGCTC,21,59.75,57.14,,588,+,CGCGTTGAGTCAAATTAAGCCGC,23,61.33,52.17,,1201,-,613,1.58,3,86.53,0.9667
pair_093,CAGCTGCGGTAATTCCAGCT,20,59.02,55.00,,588,+,CACCAACTAGAAACGACCATGC,22,57.74,50.00,,1274,-,686,1.28,4,86.51,0.9333
pair_094,TGGCCAGGGTAATGACCTT,19,56.65,52.63,,588,+,CACCAACTAGAAACGACCATG,21,55.01,47.62,,1274,-,686,1.63,3,86.46,0.9333
pair_095,CAGCTGCGGTAATTCCAGCTCCA,23,62.86,56.52,,588,+,CACCAACTAGAAACGGCCATGCA,23,61.44,52.17,,1274,-,686,1.42,3,86.26,0.9333
pair_096,CAGCCGCGGTAATTCCAGCT,20,61.48,60.00,,588,+,CACCAACTAAAATCGGCCATGCACC,25,62.40,52.00,,1274,-,686,0.92,5,86.26,0.9333
pair_097,CAGCTGCGGTAATTCCAGCTCCAA,24,62.98,54.17,,588,+,CACCAACTAGAAACGGCCATGCACC,25,63.80,56.00,,1274,-,686,0.82,6,86.06,0.9333
pair_098,CAGCTGCGGTAATTCCAGC,19,57.82,57.89,,588,+,CGCGTTGAGTCAAATTAAGCC,21,56.62,47.62,,1201,-,613,1.20,6,86.03,0.9667
pair_099,TGGCCAGGGTAATGACCT,18,56.12,55.56,,588,+,CACCAACTAGAAACGGCCATG,21,57.61,52.38,,1274,-,686,1.49,3,86.01,0.9333
pair_100,CAGCTGCGGTAATTCCAGCTCCAA,24,62.98,54.17,,588,+,CACCAACTAGAAACGGCCATGCA,23,61.44,52.17,,1274,-,686,1.54,3,86.00,0.9333
pair_101,CAGCTGCGGTAATTCCAGCTC,21,59.75,57.14,,588,+,CACCAACTAAAATCGGCCATGC,22,58.62,50.00,,1274,-,686,1.13,5,85.96,0.9333
pair_102,CAGCTGCGGTAATTCCAGCTCCA,23,62.86,56.52,,588,+,CGCGTTGAGTCAAATTAAGCCGC,23,61.33,52.17,,1201,-,613,1.53,4,85.89,0.9667
pair_103,CAGCTGCGGTAATTCCAGC,19,57.82,57.89,,588,+,CGTGTTGAGTCAAATTGAGCCG,22,58.58,50.00,,1201,-,613,0.77,8,85.80,0.9667
pair_104,CAGCTGCGGTAATTCCAGCTCCAA,24,62.98,54.17,,588,+,CGCGTTGAGTCAAATTAAGCCGC,23,61.33,52.17,,1201,-,613,1.65,4,85.62,0.9667
pair_105,CAGCCGCGGTAATTCCAGCTCTT,23,63.14,56.52,,588,+,CACCAACTAGAAACGGCCATGCACC,25,63.80,56.00,,1274,-,686,0.65,7,85.52,0.9333
pair_106,CAGCTGCGGTAATTCCAGCT,20,59.02,55.00,,588,+,CACCAACTAGAAACGGCCATGC,22,60.21,54.55,,1274,-,686,1.19,5,85.28,0.9333
pair_107,CAGCTGCGGTAATTCCAGCT,20,59.02,55.00,,588,+,TTCCGTCAATTCCTTTAAGTTTCGG,25,57.42,40.00,,1155,-,567,1.60,5,85.10,0.9667
pair_108,CAGCTGCGGTAATTCCAGCTCCA,23,62.86,56.52,,588,+,CACCAACTAGAAACGGCCATGCACC,25,63.80,56.00,,1274,-,686,0.94,6,85.09,0.9333
pair_109,CAGCCGCGGTAATTCCAGCTCT,22,63.02,59.09,,588,+,CACCAACTAGAAACGGCCATGCA,23,61.44,52.17,,1274,-,686,1.58,3,85.06,0.9333
pair_110,CAGCCGCGGTAATTCCAGCTCT,22,63.02,59.09,,588,+,GGCGTTGAGTCCAATTGAGCCG,22,62.41,59.09,,1201,-,613,0.61,8,85.05,0.9667
pair_111,TGGCCAGGGTAATGACCT,18,56.12,55.56,,588,+,TGTTGGGTCAAATTAAGCCGC,21,57.79,47.62,,1201,-,613,1.67,5,84.99,0.9667
pair_112,CAGCCGCGGTAATTCCAGCT,20,61.48,60.00,,588,+,GGCGTTGAGTCCAATTGAGCC,21,60.21,57.14,,1201,-,613,1.26,5,84.95,0.9667
pair_113,CAGCTGCGGTAATTCCAGC,19,57.82,57.89,,588,+,CGTGTTGAGTCAAATTGAGCC,21,56.19,47.62,,1201,-,613,1.63,5,84.87,0.9667
pair_114,CAGCCGCGGTAATTCCAGCTCTT,23,63.14,56.52,,588,+,CACCAACTAGAAACGGCCATGCA,23,61.44,52.17,,1274,-,686,1.71,3,84.83,0.9333
pair_115,CAGCTGCGGTAATTCCAGCTC,21,59.75,57.14,,588,+,CACCAACTAGAAACGGCCATGCA,23,61.44,52.17,,1274,-,686,1.69,3,84.83,0.9333
pair_116,CAGCCGCGGTAATTCCAGCTCTT,23,63.14,56.52,,588,+,GGCGTTGAGTCCAATTGAGCCG,22,62.41,59.09,,1201,-,613,0.73,8,84.82,0.9667
pair_117,TGGCCAGGGTAATGACCT,18,56.12,55.56,,588,+,CACCAACTAGAAACGACCATGC,22,57.74,50.00,,1274,-,686,1.62,4,84.74,0.9333
pair_118,CAGCCGCGGTAATTCCAGCTCT,22,63.02,59.09,,588,+,CGCGTTGAGTCAAATTAAGCCGC,23,61.33,52.17,,1201,-,613,1.69,4,84.68,0.9667
pair_119,CAGCTGCGGTAATTCCAGC,19,57.82,57.89,,588,+,CGTGTTGGGTCAAATTAAGCC,21,56.15,47.62,,1201,-,613,1.67,5,84.68,0.9667
pair_120,TGGCCAGGGTAATGACCT,18,56.12,55.56,,588,+,TTCCGTCAATTCCTTTAAGTTTCGG,25,57.42,40.00,,1155,-,567,1.30,7,84.65,0.9667
pair_121,CAGCTGCGGTAATTCCAGC,19,57.82,57.89,,588,+,CGTGTTGAGTCAAATTAAGCCGCA,24,60.15,45.83,,1201,-,613,2.33,2,84.62,0.9667
pair_122,CAGCCGCGGTAATTCCAGCT,20,61.48,60.00,,588,+,CACCAACTAAAATCGGCCATGCA,23,59.90,47.83,,1274,-,686,1.58,4,84.61,0.9333
pair_123,CAGCTGCGGTAATTCCAGC,19,57.82,57.89,,588,+,CTTGCGACCATACTTCCCC,19,56.44,57.89,,1129,-,541,1.38,5,84.58,0.9667
pair_124,CAGCCGCGGTAATTCCAGCTCT,22,63.02,59.09,,588,+,CACCAACTAGAAACGGCCATGCACC,25,63.80,56.00,,1274,-,686,0.78,7,84.52,0.9333
pair_125,CAGCCGCGGTAATTCCAGCT,20,61.48,60.00,,588,+,TGTTGGGTCAAATTAAGCCGCA,22,59.17,45.45,,1201,-,613,2.31,2,84.49,0.9667
pair_126,CAGCCGCGGTAATTCCAGCTCTT,23,63.14,56.52,,588,+,CGCGTTGAGTCAAATTAAGCCGC,23,61.33,52.17,,1201,-,613,1.81,4,84.46,0.9667
pair_127,CAGCTGCGGTAATTCCAGCTC,21,59.75,57.14,,588,+,TGTTGGGTCAAATTAAGCCGC,21,57.79,47.62,,1201,-,613,1.96,4,84.33,0.9667
pair_128,CAGCCGCGGTAATTCCAGCT,20,61.48,60.00,,588,+,GGCGTTGAGTCCAATTGAGCCG,22,62.41,59.09,,1201,-,613,0.93,7,84.30,0.9667
pair_129,CAGCCGCGGTAATTCCAGCT,20,61.48,60.00,,588,+,CACCAACTAGAAACGGCCATGC,22,60.21,54.55,,1274,-,686,1.27,5,84.16,0.9333
pair_130,CAGCTGCGGTAATTCCAGCTCC,22,61.67,59.09,,588,+,GGCGTTGAGTCCAATTGAGCC,21,60.21,57.14,,1201,-,613,1.46,5,84.10,0.9667
pair_131,CAGCTGCGGTAATTCCAGCT,20,59.02,55.00,,588,+,CGTGTTGAGTCAAATTGAGCCGC,23,60.98,52.17,,1201,-,613,1.96,4,83.94,0.9667
pair_132,CAGCTGCGGTAATTCCAGCT,20,59.02,55.00,,588,+,CGTGTTGGGTCAAATTAAGCCGC,23,60.99,52.17,,1201,-,613,1.97,4,83.90,0.9667
pair_133,CAGCTGCGGTAATTCCAGC,19,57.82,57.89,,588,+,CGCGTTGAGTCAAATTAAGCCG,22,58.97,50.00,,1201,-,613,1.16,8,83.87,0.9667
pair_134,TGGCCAGGGTAATGACCTT,19,56.65,52.63,,588,+,CGTGTTGGGTCAAATTAAGCCG,22,58.57,50.00,,1201,-,613,1.92,5,83.82,0.9667
pair_135,TGGCCAGGGTAATGACCTT,19,56.65,52.63,,588,+,CGTGTTGAGTCAAATTGAGCCG,22,58.58,50.00,,1201,-,613,1.94,5,83.75,0.9667
pair_136,CAGCTGCGGTAATTCCAGC,19,57.82,57.89,,588,+,CGTGTTGAGTCAAATTAAGCCG,22,56.45,45.45,,1201,-,613,1.36,8,83.51,0.9667
pair_137,TGGCCAGGGTAATGACCTT,19,56.65,52.63,,588,+,CACCAACTAAAATCGGCCATGC,22,58.62,50.00,,1274,-,686,1.97,4,83.41,0.9333
pair_138,CAGCTGCGGTAATTCCAGCTCC,22,61.67,59.09,,588,+,CACCAACTAGAAACGGCCATGC,22,60.21,54.55,,1274,-,686,1.46,5,83.31,0.9333
pair_139,TGGCCAGGGTAATGACCTT,19,56.65,52.63,,588,+,CGTGTTGAGTCAAATTAAGCCGC,23,58.95,47.83,,1201,-,613,2.30,4,83.24,0.9667
pair_140,TGGCCAGGGTAATGACCTT,19,56.65,52.63,,588,+,GGCGTTGAGTCCAATTGAGC,20,58.14,55.00,,1201,-,613,1.49,7,83.24,0.9667
pair_141,CAGCTGCGGTAATTCCAGCT,20,59.02,55.00,,588,+,CGCGTTGAGTCAAATTAAGCCGC,23,61.33,52.17,,1201,-,613,2.31,3,83.20,0.9667
pair_142,CAGCTGCGGTAATTCCAGCTCCA,23,62.86,56.52,,588,+,CGTGTTGGGTCAAATTAAGCCGC,23,60.99,52.17,,1201,-,613,1.87,5,83.19,0.9667
pair_143,CAGCTGCGGTAATTCCAGCTCCA,23,62.86,56.52,,588,+,CGTGTTGAGTCAAATTGAGCCGC,23,60.98,52.17,,1201,-,613,1.87,5,83.16,0.9667
pair_144,CAGCTGCGGTAATTCCAGCTCCA,23,62.86,56.52,,588,+,CACCAACTAGAAACGACCATGCACC,25,61.61,52.00,,1274,-,686,1.25,7,83.13,0.9333
pair_145,CAGCTGCGGTAATTCCAGC,19,57.82,57.89,,588,+,CACCAACTAGAAACGGCCA,19,56.20,52.63,,1274,-,686,1.62,5,83.00,0.9333
pair_146,CAGCTGCGGTAATTCCAGCTC,21,59.75,57.14,,588,+,GGCGTTGAGTCCAATTGAGC,20,58.14,55.00,,1201,-,613,1.61,6,82.95,0.9667
pair_147,CAGCTGCGGTAATTCCAGCTC,21,59.75,57.14,,588,+,CGTGTTGAGTCAAATTGAGCCGCA,24,62.11,50.00,,1201,-,613,2.37,3,82.93,0.9667
pair_148,CAGCTGCGGTAATTCCAGCTCCAA,24,62.98,54.17,,588,+,CGTGTTGGGTCAAATTAAGCCGC,23,60.99,52.17,,1201,-,613,1.99,5,82.92,0.9667
pair_149,CAGCTGCGGTAATTCCAGCTCCAA,24,62.98,54.17,,588,+,CGTGTTGAGTCAAATTGAGCCGC,23,60.98,52.17,,1201,-,613,2.00,5,82.89,0.9667
pair_150,CAGCTGCGGTAATTCCAGCTCCAA,24,62.98,54.17,,588,+,CACCAACTAGAAACGACCATGCACC,25,61.61,52.00,,1274,-,686,1.38,7,82.87,0.9333
pair_151,CAGCTGCGGTAATTCCAGCTC,21,59.75,57.14,,588,+,CGTGTTGGGTCAAATTAAGCCGCA,24,62.13,50.00,,1201,-,613,2.38,3,82.85,0.9667
pair_152,CAGCTGCGGTAATTCCAGCTCC,22,61.67,59.09,,588,+,CACCAACTAAAATCGGCCATGCA,23,59.90,47.83,,1274,-,686,1.77,5,82.76,0.9333
pair_153,CAGCTGCGGTAATTCCAGCTCC,22,61.67,59.09,,588,+,TGTTGGGTCAAATTAAGCCGCA,22,59.17,45.45,,1201,-,613,2.50,3,82.64,0.9667
pair_154,CAGCTGCGGTAATTCCAGCTC,21,59.75,57.14,,588,+,CACCAACTAGAAACGACCATGC,22,57.74,50.00,,1274,-,686,2.01,4,82.53,0.9333
pair_155,CAGCTGCGGTAATTCCAGCT,20,59.02,55.00,,588,+,TTCCGTCAATCCCTTTAAGTTTCAG,25,56.88,40.00,,1155,-,567,2.14,5,82.38,0.9667
pair_156,CAGCCGCGGTAATTCCAGCT,20,61.48,60.00,,588,+,CACCAACTAGAAACGACCATGCA,23,59.04,47.83,,1274,-,686,2.44,2,82.32,0.9333
pair_157,CAGCCGCGGTAATTCCAGCTCT,22,63.02,59.09,,588,+,CGTGTTGGGTCAAATTAAGCCGC,23,60.99,52.17,,1201,-,613,2.03,5,81.98,0.9667
pair_158,CAGCCGCGGTAATTCCAGCTCT,22,63.02,59.09,,588,+,CGTGTTGAGTCAAATTGAGCCGC,23,60.98,52.17,,1201,-,613,2.04,5,81.95,0.9667
pair_159,CAGCTGCGGTAATTCCAGCTCCA,23,62.86,56.52,,588,+,CGTGTTGAGTCAAATTAAGCCGCA,24,60.15,45.83,,1201,-,613,2.71,3,81.93,0.9667
pair_160,TGGCCAGGGTAATGACCTT,19,56.65,52.63,,588,+,CGCGTTGAGTCAAATTAAGCCG,22,58.97,50.00,,1201,-,613,2.32,5,81.82,0.9667
pair_161,CAGCCGCGGTAATTCCAGCTCTT,23,63.14,56.52,,588,+,CGTGTTGGGTCAAATTAAGCCGC,23,60.99,52.17,,1201,-,613,2.15,5,81.76,0.9667
pair_162,CAGCCGCGGTAATTCCAGCTCTT,23,63.14,56.52,,588,+,CGTGTTGAGTCAAATTGAGCCGC,23,60.98,52.17,,1201,-,613,2.16,5,81.72,0.9667
pair_163,CAGCTGCGGTAATTCCAGCTCCAA,24,62.98,54.17,,588,+,CGTGTTGAGTCAAATTAAGCCGCA,24,60.15,45.83,,1201,-,613,2.83,3,81.66,0.9667
pair_164,CAGCTGCGGTAATTCCAGCT,20,59.02,55.00,,588,+,CACCAACTAGAAACGGCCATG,21,57.61,52.38,,1274,-,686,1.41,8,81.53,0.9333
pair_165,CAGCTGCGGTAATTCCAGCT,20,59.02,55.00,,588,+,CACCAACTAGAAACGGCCATGCA,23,61.44,52.17,,1274,-,686,2.42,3,81.49,0.9333
pair_166,CAGCTGCGGTAATTCCAGC,19,57.82,57.89,,588,+,CACCAACTAAAATCGGCCATGCA,23,59.90,47.83,,1274,-,686,2.08,5,81.39,0.9333
pair_167,CAGCTGCGGTAATTCCAGCTC,21,59.75,57.14,,588,+,CGCGTTGAGTCAAATTAAGCCGCA,24,62.44,50.00,,1201,-,613,2.69,3,81.30,0.9667
pair_168,CAGCTGCGGTAATTCCAGCT,20,59.02,55.00,,588,+,CACCAACTAGAAACGGCCAT,20,56.45,50.00,,1274,-,686,2.57,3,81.08,0.9333
pair_169,CAGCCGCGGTAATTCCAGCT,20,61.48,60.00,,588,+,CGTGTTGAGTCAAATTAAGCCGC,23,58.95,47.83,,1201,-,613,2.52,4,81.04,0.9667
pair_170,CAGCCGCGGTAATTCCAGCTCT,22,63.02,59.09,,588,+,CACCAACTAGAAACGACCATGCACC,25,61.61,52.00,,1274,-,686,1.42,8,80.93,0.9333
pair_171,CAGCTGCGGTAATTCCAGCTC,21,59.75,57.14,,588,+,TTCCGTCAATTCCTTTAAGTTTCGG,25,57.42,40.00,,1155,-,567,2.33,6,80.77,0.9667
pair_172,TGGCCAGGGTAATGACCT,18,56.12,55.56,,588,+,CGTGTTGGGTCAAATTAAGCCG,22,58.57,50.00,,1201,-,613,2.45,5,80.74,0.9667
pair_173,CAGCCGCGGTAATTCCAGCTCT,22,63.02,59.09,,588,+,CGTGTTGAGTCAAATTAAGCCGCA,24,60.15,45.83,,1201,-,613,2.87,3,80.72,0.9667
pair_174,CAGCCGCGGTAATTCCAGCTCTT,23,63.14,56.52,,588,+,CACCAACTAGAAACGACCATGCACC,25,61.61,52.00,,1274,-,686,1.54,8,80.70,0.9333
pair_175,TGGCCAGGGTAATGACCT,18,56.12,55.56,,588,+,CGTGTTGAGTCAAATTGAGCCG,22,58.58,50.00,,1201,-,613,2.47,5,80.66,0.9667
pair_176,CAGCTGCGGTAATTCCAGCT,20,59.02,55.00,,588,+,CGTGTTGAGTCAAATTGAGCCGCA,24,62.11,50.00,,1201,-,613,3.10,2,80.60,0.9667
pair_177,CAGCTGCGGTAATTCCAGC,19,57.82,57.89,,588,+,GGCGTTGAGTCCAATTGAGCC,21,60.21,57.14,,1201,-,613,2.40,4,80.59,0.9667
pair_178,CAGCTGCGGTAATTCCAGCT,20,59.02,55.00,,588,+,CGTGTTGGGTCAAATTAAGCCGCA,24,62.13,50.00,,1201,-,613,3.11,2,80.52,0.9667
pair_179,CAGCCGCGGTAATTCCAGCTCTT,23,63.14,56.52,,588,+,CGTGTTGAGTCAAATTAAGCCGCA,24,60.15,45.83,,1201,-,613,3.00,3,80.50,0.9667
pair_180,CAGCTGCGGTAATTCCAGCTCC,22,61.67,59.09,,588,+,CACCAACTAGAAACGACCATGCA,23,59.04,47.83,,1274,-,686,2.63,3,80.47,0.9333
pair_181,CAGCTGCGGTAATTCCAGCT,20,59.02,55.00,,588,+,CGCGTTGAGTCAAATTAAGCC,21,56.62,47.62,,1201,-,613,2.40,6,80.45,0.9667
pair_182,CAGCTGCGGTAATTCCAGC,19,57.82,57.89,,588,+,CACCAACTAAAATCGGCCATG,21,55.94,47.62,,1274,-,686,1.88,7,80.45,0.9333
pair_183,TGGCCAGGGTAATGACCT,18,56.12,55.56,,588,+,CACCAACTAAAATCGGCCATGC,22,58.62,50.00,,1274,-,686,2.50,4,80.32,0.9333
pair_184,CAGCTGCGGTAATTCCAGCTCC,22,61.67,59.09,,588,+,CGTGTTGAGTCAAATTAAGCCGC,23,58.95,47.83,,1201,-,613,2.72,4,80.19,0.9667
pair_185,TGGCCAGGGTAATGACCT,18,56.12,55.56,,588,+,CGTGTTGAGTCAAATTAAGCCGC,23,58.95,47.83,,1201,-,613,2.83,4,80.16,0.9667
pair_186,TGGCCAGGGTAATGACCT,18,56.12,55.56,,588,+,GGCGTTGAGTCCAATTGAGC,20,58.14,55.00,,1201,-,613,2.02,7,80.15,0.9667
pair_187,CAGCTGCGGTAATTCCAGCTC,21,59.75,57.14,,588,+,CACCAACTAGAAACGACCATGCACC,25,61.61,52.00,,1274,-,686,1.86,7,80.01,0.9333
pair_188,TGGCCAGGGTAATGACCTT,19,56.65,52.63,,588,+,CACCAACTAGAAACGACCATGCA,23,59.04,47.83,,1274,-,686,2.39,6,79.64,0.9333
pair_189,CAGCTGCGGTAATTCCAGCT,20,59.02,55.00,,588,+,CGTGTTGAGTCAAATTGAGCC,21,56.19,47.62,,1201,-,613,2.83,5,79.29,0.9667
pair_190,CAGCTGCGGTAATTCCAGCT,20,59.02,55.00,,588,+,CGTGTTGGGTCAAATTAAGCC,21,56.15,47.62,,1201,-,613,2.87,5,79.10,0.9667
pair_191,CAGCTGCGGTAATTCCAGCTC,21,59.75,57.14,,588,+,CACCAACTAAAATCGGCCATGCACC,25,62.40,52.00,,1274,-,686,2.65,4,79.06,0.9333
pair_192,CAGCTGCGGTAATTCCAGC,19,57.82,57.89,,588,+,GGCGTTGAGTCCAATTGAG,19,55.17,52.63,,1201,-,613,2.64,5,79.03,0.9667
pair_193,CAGCTGCGGTAATTCCAGCT,20,59.02,55.00,,588,+,CTTGCGACCATACTTCCCC,19,56.44,57.89,,1129,-,541,2.58,5,79.00,0.9667
pair_194,CAGCTGCGGTAATTCCAGCT,20,59.02,55.00,,588,+,CGCGTTGAGTCAAATTAAGCCGCA,24,62.44,50.00,,1201,-,613,3.42,2,78.96,0.9667
pair_195,TGGCCAGGGTAATGACCTT,19,56.65,52.63,,588,+,TGTTGGGTCAAATTAAGCCGCA,22,59.17,45.45,,1201,-,613,2.52,7,78.94,0.9667
pair_196,CAGCTGCGGTAATTCCAGC,19,57.82,57.89,,588,+,CACCAACTAGAAACGGCCATGC,22,60.21,54.55,,1274,-,686,2.39,5,78.83,0.9333
pair_197,CAGCTGCGGTAATTCCAGCTCC,22,61.67,59.09,,588,+,CACCAACTAGAAACGGCCATGCACC,25,63.80,56.00,,1274,-,686,2.12,6,78.78,0.9333
pair_198,TGGCCAGGGTAATGACCT,18,56.12,55.56,,588,+,CGCGTTGAGTCAAATTAAGCCG,22,58.97,50.00,,1201,-,613,2.85,5,78.73,0.9667
pair_199,CAGCTGCGGTAATTCCAGCTCCA,23,62.86,56.52,,588,+,GGCGTTGAGTCCAATTGAGCC,21,60.21,57.14,,1201,-,613,2.64,5,78.56,0.9667
pair_200,CAGCTGCGGTAATTCCAGCTCCAA,24,62.98,54.17,,588,+,GGCGTTGAGTCCAATTGAGCC,21,60.21,57.14,,1201,-,613,2.77,5,78.29,0.9667
pair_201,CAGCTGCGGTAATTCCAGCTC,21,59.75,57.14,,588,+,TTCCGTCAATCCCTTTAAGTTTCAG,25,56.88,40.00,,1155,-,567,2.87,6,78.05,0.9667
pair_202,CAGCTGCGGTAATTCCAGC,19,57.82,57.89,,588,+,CACCAACTAGAAACGACCATGCAC,24,59.91,50.00,,1274,-,686,2.10,8,77.99,0.9333
pair_203,CAGCTGCGGTAATTCCAGCT,20,59.02,55.00,,588,+,CGTGTTGAGTCAAATTAAGCCG,22,56.45,45.45,,1201,-,613,2.57,8,77.93,0.9667
pair_204,CAGCCGCGGTAATTCCAGCT,20,61.48,60.00,,588,+,CGCGTTGAGTCAAATTAAGCCG,22,58.97,50.00,,1201,-,613,2.50,7,77.81,0.9667
pair_205,TGGCCAGGGTAATGACCTT,19,56.65,52.63,,588,+,TGTTGGGTCAAATTAAGCCGCAG,23,59.84,47.83,,1201,-,613,3.19,5,77.81,0.9667
pair_206,CAGCTGCGGTAATTCCAGCTCCA,23,62.86,56.52,,588,+,CACCAACTAGAAACGGCCATGC,22,60.21,54.55,,1274,-,686,2.65,5,77.77,0.9333
pair_207,CAGCTGCGGTAATTCCAGCTC,21,59.75,57.14,,588,+,CACCAACTAGAAACGGCCATG,21,57.61,52.38,,1274,-,686,2.14,8,77.55,0.9333
pair_208,TGGCCAGGGTAATGACCT,18,56.12,55.56,,588,+,CACCAACTAGAAACGACCATGCA,23,59.04,47.83,,1274,-,686,2.92,5,77.55,0.9333
pair_209,CAGCTGCGGTAATTCCAGCTCCAA,24,62.98,54.17,,588,+,CACCAACTAGAAACGGCCATGC,22,60.21,54.55,,1274,-,686,2.77,5,77.50,0.9333
pair_210,CAGCTGCGGTAATTCCAGC,19,57.82,57.89,,588,+,CGTGTTGAGTCAAATTGAGCCGC,23,60.98,52.17,,1201,-,613,3.17,4,77.49,0.9667
pair_211,CAGCTGCGGTAATTCCAGC,19,57.82,57.89,,588,+,CGTGTTGGGTCAAATTAAGCCGC,23,60.99,52.17,,1201,-,613,3.17,4,77.46,0.9667
pair_212,CAGCTGCGGTAATTCCAGCT,20,59.02,55.00,,588,+,CACCAACTAGAAACGGCCA,19,56.20,52.63,,1274,-,686,2.82,5,77.42,0.9333
pair_213,CAGCTGCGGTAATTCCAGCTCCA,23,62.86,56.52,,588,+,CACCAACTAAAATCGGCCATGCA,23,59.90,47.83,,1274,-,686,2.96,5,77.23,0.9333
pair_214,CAGCTGCGGTAATTCCAGCTCCA,23,62.86,56.52,,588,+,TGTTGGGTCAAATTAAGCCGCA,22,59.17,45.45,,1201,-,613,3.69,3,77.10,0.9667
pair_215,CAGCTGCGGTAATTCCAGCTC,21,59.75,57.14,,588,+,CACCAACTAGAAACGGCCAT,20,56.45,50.00,,1274,-,686,3.30,3,77.10,0.9333
pair_216,CAGCTGCGGTAATTCCAGCTCCAA,24,62.98,54.17,,588,+,CACCAACTAAAATCGGCCATGCA,23,59.90,47.83,,1274,-,686,3.08,5,76.96,0.9333
pair_217,CAGCCGCGGTAATTCCAGCT,20,61.48,60.00,,588,+,CACCAACTAAAATCGGCCATGC,22,58.62,50.00,,1274,-,686,2.85,5,76.89,0.9333
pair_218,CAGCTGCGGTAATTCCAGC,19,57.82,57.89,,588,+,CGCGTTGAGTCAAATTAAGCCGC,23,61.33,52.17,,1201,-,613,3.51,3,76.76,0.9667
pair_219,CAGCTGCGGTAATTCCAGCTCCAA,24,62.98,54.17,,588,+,TGTTGGGTCAAATTAAGCCGCA,22,59.17,45.45,,1201,-,613,3.81,3,76.72,0.9667
pair_220,CAGCTGCGGTAATTCCAGCT,20,59.02,55.00,,588,+,CACCAACTAGAAACGACCATGCACC,25,61.61,52.00,,1274,-,686,2.59,7,76.68,0.9333
pair_221,CAGCCGCGGTAATTCCAGCT,20,61.48,60.00,,588,+,CACCAACTAGAAACGGCCATGCACC,25,63.80,56.00,,1274,-,686,2.32,7,76.66,0.9333
pair_222,CAGCCGCGGTAATTCCAGCTCT,22,63.02,59.09,,588,+,CACCAACTAGAAACGGCCATGC,22,60.21,54.55,,1274,-,686,2.81,5,76.57,0.9333
pair_223,CAGCTGCGGTAATTCCAGCTC,21,59.75,57.14,,588,+,CGCGTTGAGTCAAATTAAGCC,21,56.62,47.62,,1201,-,613,3.13,6,76.47,0.9667
pair_224,TGGCCAGGGTAATGACCT,18,56.12,55.56,,588,+,TGTTGGGTCAAATTAAGCCGCA,22,59.17,45.45,,1201,-,613,3.05,7,76.42,0.9667
pair_225,CAGCCGCGGTAATTCCAGCTCT,22,63.02,59.09,,588,+,GGCGTTGAGTCCAATTGAGCC,21,60.21,57.14,,1201,-,613,2.81,6,76.36,0.9667
pair_226,CAGCCGCGGTAATTCCAGCTCTT,23,63.14,56.52,,588,+,CACCAACTAGAAACGGCCATGC,22,60.21,54.55,,1274,-,686,2.93,5,76.34,0.9333
pair_227,CAGCCGCGGTAATTCCAGCTCTT,23,63.14,56.52,,588,+,GGCGTTGAGTCCAATTGAGCC,21,60.21,57.14,,1201,-,613,2.93,6,76.13,0.9667
pair_228,CAGCTGCGGTAATTCCAGCTCC,22,61.67,59.09,,588,+,CACCAACTAAAATCGGCCATGC,22,58.62,50.00,,1274,-,686,3.05,5,76.04,0.9333
pair_229,CAGCCGCGGTAATTCCAGCTCT,22,63.02,59.09,,588,+,CACCAACTAAAATCGGCCATGCA,23,59.90,47.83,,1274,-,686,3.12,5,76.02,0.9333
pair_230,CAGCCGCGGTAATTCCAGCTCT,22,63.02,59.09,,588,+,TGTTGGGTCAAATTAAGCCGCA,22,59.17,45.45,,1201,-,613,3.85,3,75.90,0.9667
pair_231,CAGCCGCGGTAATTCCAGCT,20,61.48,60.00,,588,+,CGTGTTGAGTCAAATTGAGCCG,22,58.58,50.00,,1201,-,613,2.89,7,75.88,0.9667
pair_232,CAGCTGCGGTAATTCCAGC,19,57.82,57.89,,588,+,CACCAACTAGAAACGACCATG,21,55.01,47.62,,1274,-,686,2.80,7,75.83,0.9333
pair_233,CAGCCGCGGTAATTCCAGCTCTT,23,63.14,56.52,,588,+,CACCAACTAAAATCGGCCATGCA,23,59.90,47.83,,1274,-,686,3.24,5,75.80,0.9333
pair_234,CAGCTGCGGTAATTCCAGCT,20,59.02,55.00,,588,+,CACCAACTAAAATCGGCCATGCACC,25,62.40,52.00,,1274,-,686,3.38,4,75.73,0.9333
pair_235,CAGCCGCGGTAATTCCAGCTCTT,23,63.14,56.52,,588,+,TGTTGGGTCAAATTAAGCCGCA,22,59.17,45.45,,1201,-,613,3.97,3,75.67,0.9667
pair_236,TGGCCAGGGTAATGACCTT,19,56.65,52.63,,588,+,GGCGTTGAGTCCAATTGAGCC,21,60.21,57.14,,1201,-,613,3.57,4,75.54,0.9667
pair_237,CAGCTGCGGTAATTCCAGCTC,21,59.75,57.14,,588,+,CGTGTTGAGTCAAATTGAGCC,21,56.19,47.62,,1201,-,613,3.56,5,75.32,0.9667
pair_238,CAGCTGCGGTAATTCCAGCTC,21,59.75,57.14,,588,+,CGTGTTGGGTCAAATTAAGCC,21,56.15,47.62,,1201,-,613,3.60,5,75.12,0.9667
pair_239,TGGCCAGGGTAATGACCTT,19,56.65,52.63,,588,+,CGTGTTGAGTCAAATTAAGCCGCA,24,60.15,45.83,,1201,-,613,3.50,6,75.11,0.9667
pair_240,CAGCTGCGGTAATTCCAGC,19,57.82,57.89,,588,+,CACCAACTAGAAACGGCCATGCA,23,61.44,52.17,,1274,-,686,3.62,3,75.05,0.9333
pair_241,CAGCTGCGGTAATTCCAGCTC,21,59.75,57.14,,588,+,CTTGCGACCATACTTCCCC,19,56.44,57.89,,1129,-,541,3.31,5,75.03,0.9667
pair_242,TGGCCAGGGTAATGACCTT,19,56.65,52.63,,588,+,CACCAACTAGAAACGACCATGCAC,24,59.91,50.00,,1274,-,686,3.27,6,74.94,0.9333
pair_243,CAGCTGCGGTAATTCCAGCTCCA,23,62.86,56.52,,588,+,CACCAACTAGAAACGACCATGCA,23,59.04,47.83,,1274,-,686,3.82,3,74.93,0.9333
pair_244,CAGCCGCGGTAATTCCAGCT,20,61.48,60.00,,588,+,CGTGTTGGGTCAAATTAAGCCG,22,58.57,50.00,,1201,-,613,2.90,8,74.81,0.9667
pair_245,TGGCCAGGGTAATGACCTT,19,56.65,52.63,,588,+,CACCAACTAGAAACGGCCATGC,22,60.21,54.55,,1274,-,686,3.56,4,74.78,0.9333
pair_246,TGGCCAGGGTAATGACCT,18,56.12,55.56,,588,+,TGTTGGGTCAAATTAAGCCGCAG,23,59.84,47.83,,1201,-,613,3.72,5,74.72,0.9667
pair_247,CAGCTGCGGTAATTCCAGCTCCAA,24,62.98,54.17,,588,+,CACCAACTAGAAACGACCATGCA,23,59.04,47.83,,1274,-,686,3.94,3,74.66,0.9333
pair_248,CAGCTGCGGTAATTCCAGCTCCA,23,62.86,56.52,,588,+,CGTGTTGAGTCAAATTAAGCCGC,23,58.95,47.83,,1201,-,613,3.91,4,74.66,0.9667
pair_249,CAGCTGCGGTAATTCCAGCTCC,22,61.67,59.09,,588,+,TGTTGGGTCAAATTAAGCCGC,21,57.79,47.62,,1201,-,613,3.88,4,74.42,0.9667
pair_250,CAGCTGCGGTAATTCCAGCTCCAA,24,62.98,54.17,,588,+,CGTGTTGAGTCAAATTAAGCCGC,23,58.95,47.83,,1201,-,613,4.03,4,74.39,0.9667
pair_251,TGGCCAGGGTAATGACCTT,19,56.65,52.63,,588,+,CACCAACTAAAATCGGCCATGCA,23,59.90,47.83,,1274,-,686,3.25,7,74.34,0.9333
pair_252,CAGCCGCGGTAATTCCAGCT,20,61.48,60.00,,588,+,TGTTGGGTCAAATTAAGCCGC,21,57.79,47.62,,1201,-,613,3.68,5,74.27,0.9667
pair_253,CAGCTGCGGTAATTCCAGC,19,57.82,57.89,,588,+,CGTGTTGAGTCAAATTGAGCCGCA,24,62.11,50.00,,1201,-,613,4.30,2,74.16,0.9667
pair_254,CAGCTGCGGTAATTCCAGC,19,57.82,57.89,,588,+,CGTGTTGGGTCAAATTAAGCCGCA,24,62.13,50.00,,1201,-,613,4.31,2,74.07,0.9667
pair_255,CAGCTGCGGTAATTCCAGC,19,57.82,57.89,,588,+,CACCAACTAAAATCGGCCATGCAC,24,60.73,50.00,,1274,-,686,2.91,8,73.91,0.9333
pair_256,CAGCCGCGGTAATTCCAGCT,20,61.48,60.00,,588,+,GGCGTTGAGTCCAATTGAGC,20,58.14,55.00,,1201,-,613,3.34,6,73.89,0.9667
pair_257,CAGCTGCGGTAATTCCAGCT,20,59.02,55.00,,588,+,CACCAACTAAAATCGGCCATG,21,55.94,47.62,,1274,-,686,3.08,8,73.87,0.9333
pair_258,CAGCCGCGGTAATTCCAGCTCT,22,63.02,59.09,,588,+,CACCAACTAGAAACGACCATGCA,23,59.04,47.83,,1274,-,686,3.98,3,73.72,0.9333
pair_259,CAGCCGCGGTAATTCCAGCT,20,61.48,60.00,,588,+,TTCCGTCAATTCCTTTAAGTTTCGG,25,57.42,40.00,,1155,-,567,4.05,5,73.56,0.9667
pair_260,CAGCCGCGGTAATTCCAGCTCTT,23,63.14,56.52,,588,+,CACCAACTAGAAACGACCATGCA,23,59.04,47.83,,1274,-,686,4.10,3,73.50,0.9333
pair_261,CAGCCGCGGTAATTCCAGCT,20,61.48,60.00,,588,+,CACCAACTAGAAACGACCATGC,22,57.74,50.00,,1274,-,686,3.74,4,73.47,0.9333
pair_262,CAGCTGCGGTAATTCCAGCT,20,59.02,55.00,,588,+,GGCGTTGAGTCCAATTGAG,19,55.17,52.63,,1201,-,613,3.85,5,73.46,0.9667
pair_263,CAGCCGCGGTAATTCCAGCTCT,22,63.02,59.09,,588,+,CGTGTTGAGTCAAATTAAGCCGC,23,58.95,47.83,,1201,-,613,4.07,4,73.45,0.9667
pair_264,CAGCTGCGGTAATTCCAGCTC,21,59.75,57.14,,588,+,CACCAACTAGAAACGGCCA,19,56.20,52.63,,1274,-,686,3.55,5,73.45,0.9333
pair_265,CAGCCGCGGTAATTCCAGCTCTT,23,63.14,56.52,,588,+,CGTGTTGAGTCAAATTAAGCCGC,23,58.95,47.83,,1201,-,613,4.19,4,73.23,0.9667
pair_266,CAGCTGCGGTAATTCCAGCTCC,22,61.67,59.09,,588,+,GGCGTTGAGTCCAATTGAGC,20,58.14,55.00,,1201,-,613,3.54,6,73.04,0.9667
pair_267,TGGCCAGGGTAATGACCT,18,56.12,55.56,,588,+,CACCAACTAGAAACGACCATGCAC,24,59.91,50.00,,1274,-,686,3.80,5,72.85,0.9333
pair_268,CAGCTGCGGTAATTCCAGCTCC,22,61.67,59.09,,588,+,CACCAACTAGAAACGACCATGC,22,57.74,50.00,,1274,-,686,3.94,4,72.62,0.9333
pair_269,CAGCTGCGGTAATTCCAGC,19,57.82,57.89,,588,+,CGCGTTGAGTCAAATTAAGCCGCA,24,62.44,50.00,,1201,-,613,4.63,2,72.52,0.9667
pair_270,TGGCCAGGGTAATGACCT,18,56.12,55.56,,588,+,CGTGTTGAGTCAAATTAAGCCGCA,24,60.15,45.83,,1201,-,613,4.03,6,72.48,0.9667
pair_271,TGGCCAGGGTAATGACCTT,19,56.65,52.63,,588,+,CGTGTTGAGTCAAATTAAGCCGCAG,25,60.70,48.00,,1201,-,613,4.05,6,72.48,0.9667
pair_272,TGGCCAGGGTAATGACCT,18,56.12,55.56,,588,+,GGCGTTGAGTCCAATTGAGCC,21,60.21,57.14,,1201,-,613,4.09,4,72.45,0.9667
pair_273,TGGCCAGGGTAATGACCTT,19,56.65,52.63,,588,+,CGTGTTGAGTCAAATTGAGCCGC,23,60.98,52.17,,1201,-,613,4.33,4,72.44,0.9667
pair_274,TGGCCAGGGTAATGACCT,18,56.12,55.56,,588,+,CACCAACTAAAATCGGCCATGCA,23,59.90,47.83,,1274,-,686,3.78,6,72.25,0.9333
pair_275,CAGCTGCGGTAATTCCAGCT,20,59.02,55.00,,588,+,GGCGTTGAGTCCAATTGAGCCG,22,62.41,59.09,,1201,-,613,3.39,8,71.77,0.9667
pair_276,TGGCCAGGGTAATGACCT,18,56.12,55.56,,588,+,CACCAACTAGAAACGGCCATGC,22,60.21,54.55,,1274,-,686,4.09,4,71.69,0.9333
pair_277,CAGCTGCGGTAATTCCAGCTCC,22,61.67,59.09,,588,+,TTCCGTCAATTCCTTTAAGTTTCGG,25,57.42,40.00,,1155,-,567,4.25,6,71.44,0.9667
pair_278,TGGCCAGGGTAATGACCTT,19,56.65,52.63,,588,+,CGTGTTGGGTCAAATTAAGCCGC,23,60.99,52.17,,1201,-,613,4.34,5,71.41,0.9667
pair_279,CAGCTGCGGTAATTCCAGC,19,57.82,57.89,,588,+,CACCAACTAGAAACGACCATGCACC,25,61.61,52.00,,1274,-,686,3.79,6,71.23,0.9333
pair_280,CAGCCGCGGTAATTCCAGCT,20,61.48,60.00,,588,+,TTCCGTCAATCCCTTTAAGTTTCAG,25,56.88,40.00,,1155,-,567,4.60,5,70.85,0.9667
pair_281,TGGCCAGGGTAATGACCTT,19,56.65,52.63,,588,+,CGCGTTGAGTCAAATTAAGCCGC,23,61.33,52.17,,1201,-,613,4.68,4,70.70,0.9667
pair_282,CAGCTGCGGTAATTCCAGCTCCA,23,62.86,56.52,,588,+,CACCAACTAAAATCGGCCATGC,22,58.62,50.00,,1274,-,686,4.24,5,70.51,0.9333
pair_283,CAGCTGCGGTAATTCCAGC,19,57.82,57.89,,588,+,CACCAACTAAAATCGGCCATGCACC,25,62.40,52.00,,1274,-,686,4.58,3,70.28,0.9333
pair_284,CAGCTGCGGTAATTCCAGCTCCAA,24,62.98,54.17,,588,+,CACCAACTAAAATCGGCCATGC,22,58.62,50.00,,1274,-,686,4.36,5,70.24,0.9333
pair_285,CAGCTGCGGTAATTCCAGCTC,21,59.75,57.14,,588,+,CACCAACTAAAATCGGCCATG,21,55.94,47.62,,1274,-,686,3.81,8,69.89,0.9333
pair_286,TGGCCAGGGTAATGACCTT,19,56.65,52.63,,588,+,CACCAACTAAAATCGGCCATGCAC,24,60.73,50.00,,1274,-,686,4.08,7,69.86,0.9333
pair_287,CAGCTGCGGTAATTCCAGCTC,21,59.75,57.14,,588,+,GGCGTTGAGTCCAATTGAG,19,55.17,52.63,,1201,-,613,4.58,5,69.48,0.9667
pair_288,CAGCTGCGGTAATTCCAGCTC,21,59.75,57.14,,588,+,CACCAACTAGAAACGGCCATGCACC,25,63.80,56.00,,1274,-,686,4.05,6,69.46,0.9333
pair_289,TGGCCAGGGTAATGACCT,18,56.12,55.56,,588,+,CGTGTTGAGTCAAATTAAGCCGCAG,25,60.70,48.00,,1201,-,613,4.58,6,69.39,0.9667
pair_290,TGGCCAGGGTAATGACCT,18,56.12,55.56,,588,+,CGTGTTGAGTCAAATTGAGCCGC,23,60.98,52.17,,1201,-,613,4.86,4,69.35,0.9667
pair_291,CAGCCGCGGTAATTCCAGCTCT,22,63.02,59.09,,588,+,CACCAACTAAAATCGGCCATGC,22,58.62,50.00,,1274,-,686,4.40,5,69.30,0.9333
pair_292,CAGCTGCGGTAATTCCAGCT,20,59.02,55.00,,588,+,CACCAACTAGAAACGACCATG,21,55.01,47.62,,1274,-,686,4.00,8,69.25,0.9333
pair_293,CAGCCGCGGTAATTCCAGCTCT,22,63.02,59.09,,588,+,CGCGTTGAGTCAAATTAAGCCG,22,58.97,50.00,,1201,-,613,4.05,8,69.22,0.9667
pair_294,CAGCCGCGGTAATTCCAGCTCTT,23,63.14,56.52,,588,+,CACCAACTAAAATCGGCCATGC,22,58.62,50.00,,1274,-,686,4.52,5,69.08,0.9333
pair_295,CAGCCGCGGTAATTCCAGCTCTT,23,63.14,56.52,,588,+,CGCGTTGAGTCAAATTAAGCCG,22,58.97,50.00,,1201,-,613,4.17,8,69.00,0.9667
pair_296,CAGCTGCGGTAATTCCAGCTCC,22,61.67,59.09,,588,+,TTCCGTCAATCCCTTTAAGTTTCAG,25,56.88,40.00,,1155,-,567,4.79,6,68.73,0.9667
pair_297,CAGCCGCGGTAATTCCAGCT,20,61.48,60.00,,588,+,CACCAACTAGAAACGGCCATG,21,57.61,52.38,,1274,-,686,3.86,8,68.49,0.9333
pair_298,CAGCCGCGGTAATTCCAGCT,20,61.48,60.00,,588,+,CGCGTTGAGTCAAATTAAGCC,21,56.62,47.62,,1201,-,613,4.86,5,68.41,0.9667
pair_299,TGGCCAGGGTAATGACCT,18,56.12,55.56,,588,+,CGTGTTGGGTCAAATTAAGCCGC,23,60.99,52.17,,1201,-,613,4.87,5,68.32,0.9667
pair_300,TGGCCAGGGTAATGACCT,18,56.12,55.56,,588,+,CACCAACTAAAATCGGCCATGCAC,24,60.73,50.00,,1274,-,686,4.61,6,67.77,0.9333
pair_301,CAGCTGCGGTAATTCCAGCTCC,22,61.67,59.09,,588,+,CACCAACTAGAAACGGCCATG,21,57.61,52.38,,1274,-,686,4.06,8,67.64,0.9333
pair_302,CAGCTGCGGTAATTCCAGCTCCA,23,62.86,56.52,,588,+,GGCGTTGAGTCCAATTGAGC,20,58.14,55.00,,1201,-,613,4.72,6,67.51,0.9667
pair_303,CAGCCGCGGTAATTCCAGCTCT,22,63.02,59.09,,588,+,CGTGTTGAGTCAAATTGAGCCG,22,58.58,50.00,,1201,-,613,4.44,8,67.29,0.9667
pair_304,CAGCTGCGGTAATTCCAGCTCCAA,24,62.98,54.17,,588,+,GGCGTTGAGTCCAATTGAGC,20,58.14,55.00,,1201,-,613,4.84,6,67.24,0.9667
pair_305,CAGCCGCGGTAATTCCAGCTCTT,23,63.14,56.52,,588,+,CGTGTTGAGTCAAATTGAGCCG,22,58.58,50.00,,1201,-,613,4.56,8,67.07,0.9667
pair_306,TGGCCAGGGTAATGACCTT,19,56.65,52.63,,588,+,CACCAACTAGAAACGGCCATGCA,23,61.44,52.17,,1274,-,686,4.79,6,67.00,0.9333
pair_307,CAGCCGCGGTAATTCCAGCTCT,22,63.02,59.09,,588,+,GGCGTTGAGTCCAATTGAGC,20,58.14,55.00,,1201,-,613,4.88,6,66.30,0.9667
pair_308,CAGCTGCGGTAATTCCAGCT,20,59.02,55.00,,588,+,CACCAACTAGAAACGGCCATGCACC,25,63.80,56.00,,1274,-,686,4.78,6,66.12,0.9333
pair_309,CAGCTGCGGTAATTCCAGC,19,57.82,57.89,,588,+,CACCAACTAGAAACGGCCATGCAC,24,62.18,54.17,,1274,-,686,4.37,8,66.02,0.9333
pair_310,CAGCTGCGGTAATTCCAGC,19,57.82,57.89,,588,+,GGCGTTGAGTCCAATTGAGCCG,22,62.41,59.09,,1201,-,613,4.59,8,65.32,0.9667
pair_311,CAGCTGCGGTAATTCCAGCTC,21,59.75,57.14,,588,+,CACCAACTAGAAACGACCATG,21,55.01,47.62,,1274,-,686,4.74,8,65.27,0.9333
pair_312,TGGCCAGGGTAATGACCTT,19,56.65,52.63,,588,+,CACCAACTAGAAACGACCATGCACC,25,61.61,52.00,,1274,-,686,4.96,8,64.18,0.9333
